id,company name,Contact First name,Contact Last name,Email,phone
1,Mita,Howie,Winridge,hwinridge0@google.com.au,214-826-1394
2,InnoZ,Elita,Buddles,ebuddles1@foxnews.com,882-392-4875
3,Yakitri,Danella,Benditt,dbenditt2@weibo.com,490-860-8712
4,Ailane,Tatiana,Rushsorth,trushsorth3@spotify.com,421-381-1329
5,Trupe,Estrellita,Sporton,esporton4@adobe.com,212-385-5348
6,Edgewire,Miguela,McLeish,mmcleish5@forbes.com,939-831-2277
7,Omba,Tiffany,Beggini,tbeggini6@salon.com,734-582-5840
8,Realfire,Gabby,Cobbin,gcobbin7@canalblog.com,969-294-9595
9,Tazzy,Weidar,Megahey,wmegahey8@princeton.edu,731-745-0055
10,Roombo,Brandy,Monkhouse,bmonkhouse9@desdev.cn,843-546-1528
11,Tagfeed,Dorey,Ingliss,dinglissa@drupal.org,303-560-3860
12,Divape,Lin,Kinforth,lkinforthb@deviantart.com,402-775-3512
13,Demizz,Christoffer,Harsum,charsumc@networksolutions.com,430-411-2821
14,Avaveo,Muire,Morforth,mmorforthd@bloglovin.com,745-220-3086
15,Thoughtstorm,Birgitta,Mebs,bmebse@ezinearticles.com,136-671-1906
16,Cogibox,Guglielmo,How to preserve,ghowtopreservef@washington.edu,242-794-5831
17,Fivebridge,Cherye,Brownsett,cbrownsettg@msn.com,200-633-4279
18,Rhynoodle,Dedra,Ferrier,dferrierh@google.cn,709-187-0381
19,Skajo,Rinaldo,Goodfellow,rgoodfellowi@ca.gov,278-205-0472
20,Quatz,Karilynn,Breach,kbreachj@weebly.com,217-463-1535
21,Voomm,Gertie,Yegorev,gyegorevk@shutterfly.com,328-299-4254
22,Minyx,Verena,Carnew,vcarnewl@parallels.com,458-685-0449
23,Yakidoo,Oralia,Grinham,ogrinhamm@chronoengine.com,724-193-7673
24,Thoughtmix,Teirtza,Spaven,tspavenn@facebook.com,828-441-0445
25,Edgeclub,Barnabe,Nolleau,bnolleauo@uol.com.br,301-944-1330
26,Rhycero,Van,Vagges,vvaggesp@ebay.com,368-450-3491
27,Dabfeed,Iver,Pallatina,ipallatinaq@sphinn.com,765-773-6629
28,Gabvine,Jefferson,Labrow,jlabrowr@guardian.co.uk,378-966-8964
29,Yabox,Sullivan,Jaukovic,sjaukovics@deliciousdays.com,228-590-8155
30,Thoughtworks,Kirbie,Crees,kcreest@dropbox.com,516-218-5045
31,Digitube,Melvyn,Mc Coughan,mmccoughanu@addthis.com,990-802-1551
32,Npath,Gannon,McQueen,gmcqueenv@imgur.com,926-534-1816
33,Edgeblab,Northrop,Scanlon,nscanlonw@reverbnation.com,927-845-1428
34,Oyonder,Annabal,Wagg,awaggx@4shared.com,426-872-7012
35,Rhynoodle,Kirstyn,Champagne,kchampagney@disqus.com,296-713-8493
36,Podcat,Stacy,Brauns,sbraunsz@sogou.com,229-892-2115
37,Vidoo,Blanche,Rojas,brojas10@forbes.com,647-864-7005
38,Ooba,Gladys,Thurgood,gthurgood11@abc.net.au,375-775-9846
39,Babblestorm,Rhys,Fabri,rfabri12@artisteer.com,597-420-2208
40,Jazzy,Carver,Garralts,cgarralts13@godaddy.com,173-281-2128
41,Vinder,Nerti,Tussaine,ntussaine14@ustream.tv,824-235-4782
42,Aimbo,Thorvald,Woodbridge,twoodbridge15@census.gov,354-466-2781
43,Ainyx,Johnna,Bocken,jbocken16@indiatimes.com,777-576-3298
44,Skyble,Alistair,Eatttok,aeatttok17@ca.gov,414-584-6083
45,Oozz,Cheri,Kolushev,ckolushev18@hatena.ne.jp,110-158-9630
46,Meeveo,Coleman,Alessandretti,calessandretti19@reddit.com,234-755-2863
47,Meejo,Dedie,Drew,ddrew1a@nps.gov,702-488-4793
48,Dabvine,Sheffy,Loche,sloche1b@blogspot.com,179-688-3298
49,Babbleopia,Brody,Corten,bcorten1c@cmu.edu,314-624-0038
50,Realpoint,Bing,Balme,bbalme1d@mashable.com,568-444-2499
51,Buzzdog,Aldwin,Yearnsley,ayearnsley1e@amazonaws.com,910-494-8444
52,Roomm,Kelsy,Pinnion,kpinnion1f@eepurl.com,524-157-6332
53,Skinder,Loreen,Britt,lbritt1g@businessweek.com,209-240-4273
54,Jaxworks,Somerset,Schnitter,sschnitter1h@blogs.com,885-666-1617
55,Zoozzy,Otto,Hitschke,ohitschke1i@timesonline.co.uk,599-512-1364
56,Oloo,Sharron,Pulhoster,spulhoster1j@boston.com,875-293-9784
57,Photobug,Pearl,Brunger,pbrunger1k@unc.edu,525-926-8542
58,Lazzy,Rodi,Thunderchief,rthunderchief1l@cdbaby.com,579-805-1574
59,Skipfire,Lia,Coom,lcoom1m@census.gov,481-249-7328
60,Jabberbean,Jarrett,Egdell,jegdell1n@businessweek.com,308-993-0530
61,Vinder,Rossie,Bortoli,rbortoli1o@ifeng.com,734-564-3872
62,Mydo,Drusy,Gatman,dgatman1p@sciencedaily.com,211-887-4011
63,Skimia,Lenka,Testo,ltesto1q@themeforest.net,441-378-9089
64,Muxo,Jules,Ablitt,jablitt1r@skyrock.com,877-480-2965
65,Leexo,Gussy,Codi,gcodi1s@pcworld.com,407-120-9016
66,Gabvine,Elaina,McCaster,emccaster1t@utexas.edu,118-718-5141
67,Riffwire,Kale,Cutajar,kcutajar1u@arizona.edu,505-852-8601
68,Livetube,Igor,Ayce,iayce1v@so-net.ne.jp,570-820-5532
69,Quinu,Bax,Oxenham,boxenham1w@google.pl,355-664-2884
70,Meejo,Wyndham,Lamkin,wlamkin1x@samsung.com,542-133-4649
71,Wordify,Storm,Bumfrey,sbumfrey1y@ucla.edu,129-334-1864
72,Eidel,Kerstin,Havis,khavis1z@friendfeed.com,694-896-4699
73,Photofeed,Lorilyn,Pentlow,lpentlow20@google.com,222-738-8957
74,Zooxo,Tamra,Parlour,tparlour21@disqus.com,904-434-3096
75,Brainlounge,Kean,Averies,kaveries22@addthis.com,432-736-6754
76,Youfeed,Min,Crockley,mcrockley23@usa.gov,284-491-9149
77,Mymm,Cristi,Wedlake,cwedlake24@is.gd,171-484-2024
78,Meembee,Regan,Tettersell,rtettersell25@whitehouse.gov,766-941-5332
79,Tagchat,Garek,Gagin,ggagin26@comcast.net,407-429-4047
80,Fivebridge,Natassia,Schneidau,nschneidau27@state.tx.us,197-781-6489
81,Mymm,Carina,Hynd,chynd28@sina.com.cn,372-116-9490
82,Meemm,Izzy,MacPaik,imacpaik29@china.com.cn,485-176-3631
83,Rhynoodle,Lonnie,Jarrold,ljarrold2a@bloomberg.com,414-197-1218
84,Skajo,Brandy,Spavins,bspavins2b@examiner.com,528-566-4329
85,Youspan,Cleavland,Rustich,crustich2c@google.ru,392-466-2923
86,Abatz,Rod,Devanny,rdevanny2d@princeton.edu,524-836-1960
87,Gigaclub,Antonietta,Honack,ahonack2e@deviantart.com,621-286-1435
88,Brainverse,Guillemette,Luter,gluter2f@tamu.edu,611-559-9075
89,Teklist,Saunderson,Popescu,spopescu2g@biblegateway.com,648-217-5396
90,Blogpad,Jermaine,Pirkis,jpirkis2h@simplemachines.org,994-721-9699
91,Twinte,Roderic,Toon,rtoon2i@istockphoto.com,847-902-3852
92,Bubbletube,Hollyanne,Gasken,hgasken2j@freewebs.com,939-804-8713
93,Ntags,Rodd,East,reast2k@e-recht24.de,506-420-7281
94,Zoomcast,Ann-marie,Murie,amurie2l@weibo.com,122-374-1126
95,Layo,Erek,Chatres,echatres2m@amazonaws.com,508-610-2230
96,Zooveo,Bili,Rambaut,brambaut2n@pinterest.com,120-394-7075
97,Wordtune,Jules,Delagnes,jdelagnes2o@china.com.cn,862-401-0122
98,Npath,Samson,MacRinn,smacrinn2p@odnoklassniki.ru,342-495-2291
99,Camimbo,Russell,Rippon,rrippon2q@fema.gov,716-157-2093
100,Meevee,Jacenta,Danilin,jdanilin2r@prlog.org,678-553-4751
